Date,Open,High,Low,Close,Volume,Dividends,Stock Splits,Daily Return,MA_7,52W High,52W Low,Volatility
2025-04-01 00:00:00+05:30,3453.3546,3464.2772,3407.2481,3432.1863,2618493,0.0,0.0,-0.0061,3432.1863,3464.2772,3407.2481,0.0
2025-04-02 00:00:00+05:30,3425.6138,3445.0425,3412.1298,3425.5654,1764313,0.0,0.0,-0.0,3428.8759,3464.2772,3407.2481,0.0043
2025-04-03 00:00:00+05:30,3374.3842,3385.0168,3282.7026,3289.4688,4537821,0.0,0.0,-0.0252,3382.4068,3464.2772,3282.7026,0.0131
2025-04-04 00:00:00+05:30,3250.2736,3286.0858,3185.4149,3189.1846,5317367,0.0,0.0,-0.0188,3334.1013,3464.2772,3185.4149,0.0115
2025-04-07 00:00:00+05:30,2996.4452,3181.4514,2953.9634,3164.6812,6623955,0.0,0.0,0.0561,3300.2172,3464.2772,2953.9634,0.0323
2025-04-08 00:00:00+05:30,3191.7461,3237.1277,3146.5577,3182.95,5557558,0.0,0.0,-0.0028,3280.6727,3464.2772,2953.9634,0.0289
2025-04-09 00:00:00+05:30,3151.6321,3160.7664,3104.7523,3138.1482,2990265,0.0,0.0,-0.0043,3260.312,3464.2772,2953.9634,0.0265
2025-04-11 00:00:00+05:30,3179.6634,3188.7493,3098.9043,3123.5525,7108961,0.0,0.0,-0.0176,3216.2215,3464.2772,2953.9634,0.0272
2025-04-15 00:00:00+05:30,3203.6834,3203.6834,3130.4157,3139.6948,3512160,0.0,0.0,-0.02,3175.3828,3464.2772,2953.9634,0.0281
2025-04-16 00:00:00+05:30,3139.6948,3168.5961,3121.1362,3164.4397,2384391,0.0,0.0,0.0079,3157.5216,3464.2772,2953.9634,0.0268
2025-04-17 00:00:00+05:30,3137.0851,3193.2444,3110.5037,3188.7012,2932346,0.0,0.0,0.0165,3157.4525,3464.2772,2953.9634,0.0259
2025-04-21 00:00:00+05:30,3180.1951,3241.9604,3174.3955,3210.6428,2432946,0.0,0.0,0.0096,3164.0185,3464.2772,2953.9634,0.0138
2025-04-22 00:00:00+05:30,3211.6094,3222.5317,3184.9313,3203.6831,2710498,0.0,0.0,-0.0025,3166.9803,3464.2772,2953.9634,0.0138
2025-04-23 00:00:00+05:30,3252.5929,3306.6255,3225.8183,3298.9895,3543923,0.0,0.0,0.0143,3189.9577,3464.2772,2953.9634,0.0149
2025-04-24 00:00:00+05:30,3287.4874,3298.5065,3274.5349,3287.9707,2252175,0.0,0.0,0.0001,3213.446,3464.2772,2953.9634,0.0125
2025-04-25 00:00:00+05:30,3305.7559,3361.6251,3291.257,3332.8206,2742991,0.0,0.0,0.0082,3241.0354,3464.2772,2953.9634,0.0069
2025-04-28 00:00:00+05:30,3320.2546,3342.2931,3291.2568,3328.4707,1593296,0.0,0.0,0.0025,3264.4684,3464.2772,2953.9634,0.0072
2025-04-29 00:00:00+05:30,3339.5868,3378.2506,3315.8084,3356.5022,1578332,0.0,0.0,0.0051,3288.4399,3464.2772,2953.9634,0.0058
2025-04-30 00:00:00+05:30,3356.0188,3392.6527,3253.5597,3338.3301,2809332,0.0,0.0,-0.0053,3306.681,3464.2772,2953.9634,0.0066
2025-05-02 00:00:00+05:30,3356.0188,3374.8674,3305.7559,3316.3884,1721761,0.0,0.0,-0.0118,3322.7817,3464.2772,2953.9634,0.0086
2025-05-05 00:00:00+05:30,3334.7537,3387.4332,3331.2739,3338.9102,1284443,0.0,0.0,0.0012,3328.4847,3464.2772,2953.9634,0.0067
2025-05-06 00:00:00+05:30,3344.4197,3356.9854,3322.188,3344.4197,1324763,0.0,0.0,0.0,3336.5488,3464.2772,2953.9634,0.0067
2025-05-07 00:00:00+05:30,3306.3358,3343.9362,3306.3358,3330.0173,1477128,0.0,0.0,0.0072,3336.1484,3464.2772,2953.9634,0.0065
2025-05-08 00:00:00+05:30,3332.8206,3360.8519,3314.1653,3333.6904,2543591,0.0,0.0,0.0003,3336.894,3464.2772,2953.9634,0.0064
2025-05-09 00:00:00+05:30,3285.4573,3331.0805,3284.5874,3325.3777,2531757,0.0,0.0,0.0122,3332.4477,3464.2772,2953.9634,0.0078
2025-05-12 00:00:00+05:30,3387.9164,3509.2241,3385.2099,3499.4614,2228678,0.0,0.0,0.0329,3355.4664,3509.2241,2953.9634,0.014
2025-05-13 00:00:00+05:30,3499.4616,3501.9748,3393.2328,3397.5825,3062887,0.0,0.0,-0.0291,3367.0656,3509.2241,2953.9634,0.0185
2025-05-14 00:00:00+05:30,3403.3819,3442.0457,3391.3962,3430.1565,2119499,0.0,0.0,0.0079,3380.1008,3509.2241,2953.9634,0.0185
2025-05-15 00:00:00+05:30,3444.9457,3479.7431,3396.7127,3460.3145,3548330,0.0,0.0,0.0045,3396.6572,3509.2241,2953.9634,0.0184
2025-05-16 00:00:00+05:30,3473.8466,3473.8466,3427.6435,3442.3357,1666727,0.0,0.0,-0.0091,3412.7027,3509.2241,2953.9634,0.0191
2025-05-19 00:00:00+05:30,3431.4131,3431.4131,3386.6597,3401.2554,2537377,0.0,0.0,-0.0088,3422.3548,3509.2241,2953.9634,0.0196
2025-05-20 00:00:00+05:30,3413.8214,3439.1461,3377.284,3381.4404,2038374,0.0,0.0,-0.0095,3430.3638,3509.2241,2953.9634,0.0193
2025-05-21 00:00:00+05:30,3390.8165,3418.8478,3381.4406,3408.022,1440153,0.0,0.0,0.0051,3417.301,3509.2241,2953.9634,0.0128
2025-05-22 00:00:00+05:30,3378.2505,3380.957,3336.0104,3360.8518,2034383,0.0,0.0,-0.0052,3412.0537,3509.2241,2953.9634,0.0076
2025-05-23 00:00:00+05:30,3360.8517,3416.9142,3349.8326,3397.1958,1274331,0.0,0.0,0.0108,3407.3451,3509.2241,2953.9634,0.0083
2025-05-26 00:00:00+05:30,3403.3821,3426.5804,3392.8463,3419.1377,967470,0.0,0.0,0.0046,3401.4627,3509.2241,2953.9634,0.0084
2025-05-27 00:00:00+05:30,3414.0146,3421.7473,3366.7482,3381.8269,2467680,0.0,0.0,-0.0094,3392.8186,3509.2241,2953.9634,0.0084
2025-05-28 00:00:00+05:30,3402.4155,3411.1148,3376.3174,3380.8604,1222933,0.0,0.0,-0.0063,3389.905,3509.2241,2953.9634,0.0081
2025-05-29 00:00:00+05:30,3387.6267,3414.4981,3370.0347,3381.2473,3188072,0.0,0.0,-0.0019,3389.8774,3509.2241,2953.9634,0.0073
2025-05-30 00:00:00+05:30,3373.4176,3389.5597,3337.7503,3347.7061,3404365,0.0,0.0,-0.0076,3381.2608,3509.2241,2953.9634,0.0073
2025-06-02 00:00:00+05:30,3334.7538,3344.4198,3304.4028,3334.5605,1877585,0.0,0.0,-0.0001,3377.505,3509.2241,2953.9634,0.0072
2025-06-03 00:00:00+05:30,3330.8873,3357.4687,3286.9072,3291.4502,2848125,0.0,0.0,-0.0118,3362.3984,3509.2241,2953.9634,0.0058
2025-06-04 00:00:00+05:30,3304.9077,3310.5638,3286.3791,3297.0085,2544807,30.0,0.0,-0.0024,3344.9514,3509.2241,2953.9634,0.0043
2025-06-05 00:00:00+05:30,3324.4114,3324.4114,3280.2354,3287.4519,3584683,0.0,0.0,-0.0111,3331.4693,3509.2241,2953.9634,0.0046
2025-06-06 00:00:00+05:30,3287.452,3306.7605,3275.3595,3300.2268,2070390,0.0,0.0,0.0039,3319.9502,3509.2241,2953.9634,0.0059
2025-06-09 00:00:00+05:30,3315.635,3348.7913,3306.7607,3336.9915,1718678,0.0,0.0,0.0064,3313.6279,3509.2241,2953.9634,0.0072
2025-06-10 00:00:00+05:30,3354.6424,3399.306,3338.2593,3376.9741,2419874,0.0,0.0,0.0067,3317.8091,3509.2241,2953.9634,0.0077
2025-06-11 00:00:00+05:30,3383.898,3402.4265,3363.5167,3385.7507,2847013,0.0,0.0,0.0005,3325.122,3509.2241,2953.9634,0.0078
2025-06-12 00:00:00+05:30,3385.7506,3388.4811,3338.259,3348.9861,4060134,0.0,0.0,-0.0109,3333.3414,3509.2241,2953.9634,0.0075
2025-06-13 00:00:00+05:30,3309.0036,3364.8819,3309.0036,3360.2009,2178493,0.0,0.0,0.0155,3342.3689,3509.2241,2953.9634,0.0097
2025-06-16 00:00:00+05:30,3354.6423,3421.9302,3341.1847,3409.5454,1934088,0.0,0.0,0.0164,3359.8108,3509.2241,2953.9634,0.0093
2025-06-17 00:00:00+05:30,3422.9054,3432.6573,3401.5489,3428.074,2111940,0.0,0.0,0.0015,3378.0747,3509.2241,2953.9634,0.0094
2025-06-18 00:00:00+05:30,3431.7796,3450.2105,3357.6654,3365.7593,2696327,0.0,0.0,-0.0192,3382.1844,3509.2241,2953.9634,0.0131
2025-06-19 00:00:00+05:30,3364.3942,3365.3693,3328.3123,3339.0393,2672768,0.0,0.0,-0.0075,3376.7651,3509.2241,2953.9634,0.0132
2025-06-20 00:00:00+05:30,3340.0143,3360.7858,3326.2641,3350.4487,2351248,0.0,0.0,0.0031,3371.722,3509.2241,2953.9634,0.0133
2025-06-23 00:00:00+05:30,3330.2627,3340.0146,3286.3793,3309.3938,3123421,0.0,0.0,-0.0063,3366.0659,3509.2241,2953.9634,0.0128
2025-06-24 00:00:00+05:30,3349.3764,3356.6903,3298.0815,3306.2729,3403048,0.0,0.0,-0.0129,3358.3619,3509.2241,2953.9634,0.0117
2025-06-25 00:00:00+05:30,3322.7537,3364.3942,3315.6348,3359.3232,1757699,0.0,0.0,0.011,3351.1873,3509.2241,2953.9634,0.0103
2025-06-26 00:00:00+05:30,3359.3233,3365.7594,3330.5553,3356.3977,2879106,0.0,0.0,-0.0009,3340.9479,3509.2241,2953.9634,0.0101
2025-06-27 00:00:00+05:30,3369.2703,3380.3874,3345.8659,3355.7153,1778433,0.0,0.0,-0.004,3339.513,3509.2241,2953.9634,0.0078
2025-06-30 00:00:00+05:30,3354.5447,3378.9244,3344.8905,3376.0964,1468351,0.0,0.0,0.0064,3344.8069,3509.2241,2953.9634,0.0081
2025-07-01 00:00:00+05:30,3369.2702,3398.5258,3328.7999,3344.5979,2375183,0.0,0.0,-0.0073,3343.9711,3509.2241,2953.9634,0.0083
2025-07-02 00:00:00+05:30,3400.671,3403.304,3335.1385,3338.3567,3090585,0.0,0.0,-0.0183,3348.1086,3509.2241,2953.9634,0.0103
2025-07-03 00:00:00+05:30,3344.8904,3350.059,3313.2945,3316.415,2531870,0.0,0.0,-0.0085,3349.5575,3509.2241,2953.9634,0.0098
2025-07-04 00:00:00+05:30,3323.4364,3341.9649,3305.9806,3334.9436,1109320,0.0,0.0,0.0035,3346.0747,3509.2241,2953.9634,0.0083
2025-07-07 00:00:00+05:30,3333.481,3341.0875,3323.8265,3327.0447,1639174,0.0,0.0,-0.0019,3341.8814,3509.2241,2953.9634,0.0082
2025-07-08 00:00:00+05:30,3320.511,3340.0147,3309.1987,3321.6812,2325242,0.0,0.0,0.0004,3337.0194,3509.2241,2953.9634,0.0084
2025-07-09 00:00:00+05:30,3325.3865,3329.2873,3283.4535,3299.8367,2034938,0.0,0.0,-0.0077,3326.1251,3509.2241,2953.9634,0.0072
2025-07-10 00:00:00+05:30,3296.1309,3314.6595,3272.7264,3298.0813,3035012,0.0,0.0,0.0006,3319.4799,3509.2241,2953.9634,0.0075
2025-07-11 00:00:00+05:30,3218.0185,3252.2476,3180.1814,3184.9597,7635550,0.0,0.0,-0.0103,3297.566,3509.2241,2953.9634,0.0053
2025-07-14 00:00:00+05:30,3184.9598,3190.8109,3120.5974,3142.7341,3924009,0.0,0.0,-0.0133,3272.7545,3509.2241,2953.9634,0.0063
2025-07-15 00:00:00+05:30,3126.4484,3178.5233,3126.4484,3171.5996,2590889,0.0,0.0,0.0144,3249.4196,3509.2241,2953.9634,0.0092
2025-07-16 00:00:00+05:30,3157.6072,3175.1222,3151.345,3163.5762,2540733,11.0,0.0,0.0019,3226.067,3509.2241,2953.9634,0.0094
2025-07-17 00:00:00+05:30,3154.7697,3172.2847,3135.1998,3140.1899,2947640,0.0,0.0,-0.0046,3200.1396,3509.2241,2953.9634,0.0093
2025-07-18 00:00:00+05:30,3155.6502,3159.3686,3118.4674,3121.3049,3432645,0.0,0.0,-0.0109,3174.6351,3509.2241,2953.9634,0.0097
2025-07-21 00:00:00+05:30,3121.4031,3128.8398,3084.2202,3090.2869,3844346,0.0,0.0,-0.01,3144.9502,3509.2241,2953.9634,0.0098
2025-07-22 00:00:00+05:30,3091.6567,3111.7159,3086.7643,3091.6567,3198036,0.0,0.0,0.0,3131.6212,3509.2241,2953.9634,0.0096
2025-07-23 00:00:00+05:30,3091.6566,3113.5748,3089.6996,3110.7373,1922875,0.0,0.0,0.0062,3127.0502,3509.2241,2953.9634,0.009
2025-07-24 00:00:00+05:30,3097.0385,3105.4535,3072.4782,3080.3062,2934778,0.0,0.0,-0.0054,3114.0083,3509.2241,2953.9634,0.0063
2025-07-25 00:00:00+05:30,3072.478,3089.0145,3058.3878,3068.3684,2568917,0.0,0.0,-0.0013,3100.4072,3509.2241,2953.9634,0.0059
2025-07-28 00:00:00+05:30,3043.1233,3050.9513,3003.8855,3013.0835,3374473,0.0,0.0,-0.0099,3082.2491,3509.2241,2953.9634,0.0064
2025-07-29 00:00:00+05:30,2994.1984,3007.8974,2975.8026,2990.2844,4785312,0.0,0.0,-0.0013,3063.5319,3509.2241,2953.9634,0.0058
2025-07-30 00:00:00+05:30,2994.1983,3003.0048,2981.6735,2987.936,2880121,0.0,0.0,-0.0021,3048.9104,3509.2241,2953.9634,0.0049
2025-07-31 00:00:00+05:30,2976.2919,2994.0027,2950.166,2971.4973,2968371,0.0,0.0,-0.0016,3031.7447,3509.2241,2950.166,0.0048
2025-08-01 00:00:00+05:30,2964.7455,2971.4973,2935.4886,2938.4241,2053847,0.0,0.0,-0.0089,3007.1286,3509.2241,2935.4886,0.0037
2025-08-04 00:00:00+05:30,2944.393,3013.1811,2927.2693,3008.2886,2519252,0.0,0.0,0.0217,2996.8403,3509.2241,2927.2693,0.0105
2025-08-05 00:00:00+05:30,3008.2886,3011.322,2976.5854,2998.0144,1927996,0.0,0.0,-0.0034,2986.7898,3509.2241,2927.2693,0.0105
2025-08-06 00:00:00+05:30,2997.1338,3000.8521,2960.9294,2967.094,1487081,0.0,0.0,-0.01,2980.2198,3509.2241,2927.2693,0.0105
2025-08-07 00:00:00+05:30,2951.1446,2985.9792,2946.1542,2981.478,2543076,0.0,0.0,0.0103,2978.9618,3509.2241,2927.2693,0.0113
2025-08-08 00:00:00+05:30,2982.5543,2994.0027,2959.951,2971.1057,2762140,0.0,0.0,-0.0038,2976.5574,3509.2241,2927.2693,0.0114
2025-08-11 00:00:00+05:30,2971.1056,2984.3153,2956.3305,2975.4111,1884215,0.0,0.0,0.0014,2977.1166,3509.2241,2927.2693,0.0114
2025-08-12 00:00:00+05:30,2975.6069,3029.8155,2961.81,2970.1272,3358232,0.0,0.0,-0.0018,2981.6456,3509.2241,2927.2693,0.0106
2025-08-13 00:00:00+05:30,2970.8124,2978.9338,2963.4737,2970.9102,2148166,0.0,0.0,0.0,2976.3058,3509.2241,2927.2693,0.0062
2025-08-14 00:00:00+05:30,2968.7574,2990.1864,2954.1779,2957.3091,3342174,0.0,0.0,-0.0039,2970.4908,3509.2241,2927.2693,0.0062
2025-08-18 00:00:00+05:30,2980.9887,2983.435,2938.8154,2946.4478,2945609,0.0,0.0,-0.0116,2967.5413,3509.2241,2927.2693,0.0066
2025-08-19 00:00:00+05:30,2946.4476,2959.9509,2946.3499,2951.3401,2650784,0.0,0.0,0.0017,2963.2359,3509.2241,2927.2693,0.0046
2025-08-20 00:00:00+05:30,2946.154,3036.6649,2946.154,3031.9683,4952358,0.0,0.0,0.0291,2971.9305,3509.2241,2927.2693,0.0127
2025-08-21 00:00:00+05:30,3062.6933,3062.6933,3016.8019,3035.8826,3230726,0.0,0.0,-0.0088,2980.5693,3509.2241,2927.2693,0.0134
2025-08-22 00:00:00+05:30,3019.6393,3029.1306,2984.4134,2988.3274,1593791,0.0,0.0,-0.0104,2983.1693,3509.2241,2927.2693,0.014
2025-08-25 00:00:00+05:30,3020.9115,3084.2202,3010.9309,3073.0654,3448370,0.0,0.0,0.0173,2997.7629,3509.2241,2927.2693,0.0156
2025-08-26 00:00:00+05:30,3061.7146,3094.0049,3052.9081,3089.3081,5522097,0.0,0.0,0.009,3016.6199,3509.2241,2927.2693,0.0155
2025-08-28 00:00:00+05:30,3077.3707,3078.8385,3020.1287,3027.1738,3116051,0.0,0.0,-0.0163,3028.1522,3509.2241,2927.2693,0.0164
2025-08-29 00:00:00+05:30,3026.4888,3048.0157,3011.0285,3018.3672,2271789,0.0,0.0,-0.0027,3037.7275,3509.2241,2927.2693,0.0165
2025-09-01 00:00:00+05:30,3023.5531,3063.7694,3023.5531,3045.6672,1246862,0.0,0.0,0.0073,3039.6845,3509.2241,2927.2693,0.0122
2025-09-02 00:00:00+05:30,3053.9847,3087.1557,3036.3718,3044.5911,2185229,0.0,0.0,-0.0031,3040.9286,3509.2241,2927.2693,0.0117
2025-09-03 00:00:00+05:30,3062.5953,3074.3372,3021.5964,3030.8921,1799774,0.0,0.0,-0.0104,3047.0093,3509.2241,2927.2693,0.0117
2025-09-04 00:00:00+05:30,3048.9941,3050.9511,3024.3361,3029.1306,1481391,0.0,0.0,-0.0065,3040.7329,3509.2241,2927.2693,0.0091
2025-09-05 00:00:00+05:30,3030.5007,3036.665,2963.4737,2982.75,2802055,0.0,0.0,-0.0158,3025.5103,3509.2241,2927.2693,0.0083
2025-09-08 00:00:00+05:30,2984.4132,2998.9927,2951.1443,2954.0798,2626187,0.0,0.0,-0.0102,3015.0683,3509.2241,2927.2693,0.0074
2025-09-09 00:00:00+05:30,2966.8984,2994.1983,2965.6263,2983.8262,2489301,0.0,0.0,0.0057,3010.1339,3509.2241,2927.2693,0.0086
2025-09-10 00:00:00+05:30,2990.6758,3055.5501,2987.7403,3043.1233,2079428,0.0,0.0,0.0175,3009.7704,3509.2241,2927.2693,0.0114
2025-09-11 00:00:00+05:30,3071.4996,3071.4996,3043.2212,3057.0178,2263446,0.0,0.0,-0.0047,3011.5457,3509.2241,2927.2693,0.0114
2025-09-12 00:00:00+05:30,3076.3919,3080.9908,3053.8865,3066.0198,1447167,0.0,0.0,-0.0034,3016.5639,3509.2241,2927.2693,0.011
2025-09-15 00:00:00+05:30,3066.6073,3066.6073,3029.4244,3044.9824,1732539,0.0,0.0,-0.0071,3018.8285,3509.2241,2927.2693,0.011
2025-09-16 00:00:00+05:30,3060.7361,3082.263,3042.2426,3078.0554,2573429,0.0,0.0,0.0057,3032.4435,3509.2241,2927.2693,0.0096
2025-09-17 00:00:00+05:30,3084.22,3113.9662,3074.8263,3104.5728,2418271,0.0,0.0,0.0066,3053.9425,3509.2241,2927.2693,0.0086
2025-09-18 00:00:00+05:30,3116.5105,3134.1234,3093.4179,3108.3889,2633138,0.0,0.0,-0.0026,3071.7372,3509.2241,2927.2693,0.0087
2025-09-19 00:00:00+05:30,3101.8329,3112.1071,3076.392,3101.05,4901694,0.0,0.0,-0.0003,3080.0125,3509.2241,2927.2693,0.0052
2025-09-22 00:00:00+05:30,3028.4457,3040.0897,2999.0908,3007.7017,3634901,0.0,0.0,-0.0068,3072.9673,3509.2241,2927.2693,0.0055
2025-09-23 00:00:00+05:30,3003.9835,3014.4534,2986.3706,2996.5469,3177741,0.0,0.0,-0.0025,3063.0426,3509.2241,2927.2693,0.0055
2025-09-24 00:00:00+05:30,2984.4133,2991.2628,2967.7789,2970.1272,1625714,0.0,0.0,-0.0048,3052.349,3509.2241,2927.2693,0.0051
2025-09-25 00:00:00+05:30,2957.0154,2964.4521,2887.5422,2893.8044,4974361,0.0,0.0,-0.0214,3026.0274,3509.2241,2887.5422,0.0086
2025-09-26 00:00:00+05:30,2877.7574,2891.2607,2829.1262,2836.7585,3934636,0.0,0.0,-0.0142,2987.7682,3509.2241,2829.1262,0.0076
2025-09-29 00:00:00+05:30,2853.2947,2866.3088,2831.7678,2833.8228,3110035,0.0,0.0,-0.0068,2948.5445,3509.2241,2829.1262,0.0073
2025-09-30 00:00:00+05:30,2848.4024,2852.61,2823.0595,2826.2883,2253458,0.0,0.0,-0.0078,2909.2928,3509.2241,2823.0595,0.0065
2025-10-01 00:00:00+05:30,2828.8326,2861.9058,2804.9574,2851.5337,1952902,0.0,0.0,0.008,2886.9831,3509.2241,2804.9574,0.0092
2025-10-03 00:00:00+05:30,2861.1229,2861.1229,2828.9305,2839.498,2899519,0.0,0.0,-0.0076,2864.5476,3509.2241,2804.9574,0.009
2025-10-06 00:00:00+05:30,2839.596,2929.2263,2833.3337,2924.1379,2112774,0.0,0.0,0.0298,2857.9777,3509.2241,2804.9574,0.0169
2025-10-07 00:00:00+05:30,2930.5959,2939.8916,2891.9453,2909.7539,3062943,0.0,0.0,-0.0071,2860.2562,3509.2241,2804.9574,0.0151
2025-10-08 00:00:00+05:30,2911.0263,2977.564,2904.1768,2962.1038,4121889,0.0,0.0,0.0175,2878.1626,3509.2241,2804.9574,0.0151
2025-10-09 00:00:00+05:30,2968.7575,3000.0694,2955.0586,2995.8618,3211304,0.0,0.0,0.0091,2901.3111,3509.2241,2804.9574,0.0145
2025-10-10 00:00:00+05:30,2984.4133,3003.9832,2942.24,2963.1799,8817365,0.0,0.0,-0.0071,2920.867,3509.2241,2804.9574,0.0144
2025-10-13 00:00:00+05:30,2961.908,2970.2252,2933.7272,2942.5337,2866865,0.0,0.0,-0.0065,2933.867,3509.2241,2804.9574,0.0151
2025-10-14 00:00:00+05:30,2956.037,2962.1036,2891.9455,2896.6423,3611416,0.0,0.0,-0.0201,2942.0305,3509.2241,2804.9574,0.0173
2025-10-15 00:00:00+05:30,2917.9549,2926.4995,2898.312,2916.7764,4282226,11.0,0.0,-0.0004,2940.9788,3509.2241,2804.9574,0.0123
2025-10-16 00:00:00+05:30,2916.8744,2921.8834,2890.5531,2917.6602,3251495,0.0,0.0,0.0003,2942.1083,3509.2241,2804.9574,0.0121
2025-10-17 00:00:00+05:30,2916.9726,2935.4369,2902.6331,2909.3118,4374683,0.0,0.0,-0.0026,2934.5666,3509.2241,2804.9574,0.0089
2025-10-20 00:00:00+05:30,2932.1958,2969.0263,2925.3208,2961.3655,3133039,0.0,0.0,0.0099,2929.6385,3509.2241,2804.9574,0.0092
2025-10-21 00:00:00+05:30,2976.9818,2977.6693,2942.5084,2953.0173,310644,0.0,0.0,-0.008,2928.1867,3509.2241,2804.9574,0.0092
2025-10-23 00:00:00+05:30,3000.4551,3042.6873,2981.8926,3018.3301,5564758,0.0,0.0,0.006,2939.0148,3509.2241,2804.9574,0.0098
2025-10-24 00:00:00+05:30,3025.0086,3034.8301,3003.6961,3008.5085,2684318,0.0,0.0,-0.0055,2954.9957,3509.2241,2804.9574,0.0063
2025-10-27 00:00:00+05:30,3011.7497,3038.955,3005.5621,3029.821,1946312,0.0,0.0,0.006,2971.1449,3509.2241,2804.9574,0.0067
2025-10-28 00:00:00+05:30,3021.0802,3035.0266,2985.9193,3003.3032,3470737,0.0,0.0,-0.0059,2983.3796,3509.2241,2804.9574,0.0071
2025-10-29 00:00:00+05:30,3003.3032,3021.0802,2991.7141,3003.0088,2895420,0.0,0.0,-0.0001,2996.7649,3509.2241,2804.9574,0.0071
2025-10-30 00:00:00+05:30,2994.6603,3009.0978,2978.6513,2981.1067,2241536,0.0,0.0,-0.0045,2999.5851,3509.2241,2804.9574,0.0058
2025-10-31 00:00:00+05:30,2980.812,3012.6334,2971.0889,3003.4014,1868085,0.0,0.0,0.0076,3006.7828,3509.2241,2804.9574,0.0059
2025-11-03 00:00:00+05:30,2992.4995,3003.4014,2956.2584,2962.937,2194877,0.0,0.0,-0.0099,2998.8695,3509.2241,2804.9574,0.0065
2025-11-04 00:00:00+05:30,2965.6872,2975.214,2922.8656,2936.812,2670720,0.0,0.0,-0.0097,2988.6272,3509.2241,2804.9574,0.0071
2025-11-06 00:00:00+05:30,2936.7139,2970.0085,2936.6156,2957.1423,2542721,0.0,0.0,0.007,2978.2445,3509.2241,2804.9574,0.0073
2025-11-07 00:00:00+05:30,2947.4192,2950.3657,2907.6423,2938.3835,1830520,0.0,0.0,-0.0031,2968.9702,3509.2241,2804.9574,0.0071
2025-11-10 00:00:00+05:30,2939.562,2993.4817,2938.5798,2971.187,1556656,0.0,0.0,0.0108,2964.4243,3509.2241,2804.9574,0.0086
2025-11-11 00:00:00+05:30,2990.6336,3001.1425,2964.1157,2992.5979,2806868,0.0,0.0,0.0007,2966.0659,3509.2241,2804.9574,0.0084
2025-11-12 00:00:00+05:30,3005.3657,3080.4015,3002.5176,3075.8838,4460315,0.0,0.0,0.0235,2976.4205,3509.2241,2804.9574,0.012
2025-11-13 00:00:00+05:30,3075.8839,3075.9819,3046.6159,3050.2498,1740435,0.0,0.0,-0.0083,2988.8938,3509.2241,2804.9574,0.0117
2025-11-14 00:00:00+05:30,3034.8301,3057.5178,3022.3569,3050.5444,2210794,0.0,0.0,0.0052,3005.1413,3509.2241,2804.9574,0.0103
2025-11-17 00:00:00+05:30,3050.5445,3067.732,3031.4909,3046.8123,2232853,0.0,0.0,-0.0012,3017.9512,3509.2241,2804.9574,0.0105
2025-11-18 00:00:00+05:30,3046.6158,3049.5622,3023.0443,3031.9819,2548350,0.0,0.0,-0.0048,3031.3224,3509.2241,2804.9574,0.0107
2025-11-19 00:00:00+05:30,3041.705,3098.6695,3028.4461,3091.4998,3151053,0.0,0.0,0.0164,3048.51,3509.2241,2804.9574,0.0115
2025-11-20 00:00:00+05:30,3091.7947,3108.0001,3082.0715,3088.6519,2700767,0.0,0.0,-0.001,3062.232,3509.2241,2804.9574,0.0117
2025-11-21 00:00:00+05:30,3088.6517,3113.4017,3079.223,3094.3481,4177037,0.0,0.0,0.0018,3064.8697,3509.2241,2804.9574,0.008
2025-11-24 00:00:00+05:30,3101.6161,3122.1428,3075.0981,3085.116,6703764,0.0,0.0,-0.0053,3069.8506,3509.2241,2804.9574,0.0075
2025-11-25 00:00:00+05:30,3089.1429,3093.5625,3059.3838,3063.5088,2737920,0.0,0.0,-0.0083,3071.7027,3509.2241,2804.9574,0.0081
2025-11-26 00:00:00+05:30,3063.116,3121.259,3061.3481,3106.4285,2508527,0.0,0.0,0.0141,3080.2193,3509.2241,2804.9574,0.0097
2025-11-27 00:00:00+05:30,3123.2232,3123.2232,3069.2052,3080.5981,2836233,0.0,0.0,-0.0136,3087.1644,3509.2241,2804.9574,0.0112
2025-11-28 00:00:00+05:30,3083.9373,3091.107,3069.2051,3081.4819,1616690,0.0,0.0,-0.0008,3085.7333,3509.2241,2804.9574,0.0088
2025-12-01 00:00:00+05:30,3081.8747,3097.6874,3066.4551,3077.4551,1747647,0.0,0.0,-0.0014,3084.1338,3509.2241,2804.9574,0.0088
2025-12-02 00:00:00+05:30,3075.0981,3087.866,3064.6872,3079.7141,2512003,0.0,0.0,0.0015,3082.0432,3509.2241,2804.9574,0.0088
2025-12-03 00:00:00+05:30,3083.9373,3154.5535,3082.9552,3123.2231,3952112,0.0,0.0,0.0127,3087.4871,3509.2241,2804.9574,0.0102
2025-12-04 00:00:00+05:30,3136.9732,3191.9734,3130.4909,3171.5447,5025905,0.0,0.0,0.011,3102.9208,3509.2241,2804.9574,0.01
2025-12-05 00:00:00+05:30,3172.3305,3213.1878,3164.8661,3180.384,5244013,0.0,0.0,0.0025,3113.4859,3509.2241,2804.9574,0.0088
2025-12-08 00:00:00+05:30,3185.0983,3201.6965,3151.3126,3178.7144,2544725,0.0,0.0,-0.002,3127.5025,3509.2241,2804.9574,0.0061
2025-12-09 00:00:00+05:30,3172.3306,3175.9645,3124.4018,3151.0181,2734893,0.0,0.0,-0.0067,3137.4362,3509.2241,2804.9574,0.0071
2025-12-10 00:00:00+05:30,3167.4199,3167.4199,3121.3574,3132.259,1386849,0.0,0.0,-0.0111,3145.2653,3509.2241,2804.9574,0.0087
2025-12-11 00:00:00+05:30,3147.7768,3151.116,3096.8036,3134.9106,1914362,0.0,0.0,-0.0041,3153.1506,3509.2241,2804.9574,0.0089
2025-12-12 00:00:00+05:30,3140.607,3165.4554,3128.8213,3163.0,1146554,0.0,0.0,0.0071,3158.833,3509.2241,2804.9574,0.0078
2025-12-15 00:00:00+05:30,3153.768,3180.384,3140.2144,3172.5269,1562190,0.0,0.0,0.0059,3158.9733,3509.2241,2804.9574,0.0067
2025-12-16 00:00:00+05:30,3162.5091,3162.5091,3134.1252,3147.8752,1734623,0.0,0.0,-0.0046,3154.3292,3509.2241,2804.9574,0.0066
2025-12-17 00:00:00+05:30,3143.3572,3179.1072,3143.3572,3160.3484,1376350,0.0,0.0,0.0054,3151.7055,3509.2241,2804.9574,0.0072
2025-12-18 00:00:00+05:30,3170.3663,3229.0987,3163.4913,3222.2236,2307422,0.0,0.0,0.0164,3161.8777,3509.2241,2804.9574,0.0092
2025-12-19 00:00:00+05:30,3240.0986,3258.661,3220.2593,3223.4021,3902511,0.0,0.0,-0.0052,3174.8981,3509.2241,2804.9574,0.008
2025-12-22 00:00:00+05:30,3250.9023,3269.1703,3232.2415,3265.5361,2632816,0.0,0.0,0.0045,3193.5589,3509.2241,2804.9574,0.0074
2025-12-23 00:00:00+05:30,3260.6252,3260.6252,3234.6967,3250.9021,2365420,0.0,0.0,-0.003,3206.1164,3509.2241,2804.9574,0.0077
2025-12-24 00:00:00+05:30,3245.1076,3267.6969,3237.2504,3259.7415,1367708,0.0,0.0,0.0045,3218.5756,3509.2241,2804.9574,0.0076
2025-12-26 00:00:00+05:30,3253.9469,3260.7236,3213.3842,3221.4377,1176664,0.0,0.0,-0.01,3229.0845,3509.2241,2804.9574,0.0087
2025-12-29 00:00:00+05:30,3221.4377,3229.2948,3185.0,3193.4465,2079473,0.0,0.0,-0.0087,3233.8128,3509.2241,2804.9574,0.0093
2025-12-30 00:00:00+05:30,3191.9734,3209.1609,3181.6609,3188.8306,2807593,0.0,0.0,-0.001,3229.0424,3509.2241,2804.9574,0.0058
2025-12-31 00:00:00+05:30,3182.1519,3188.0448,3141.3928,3148.9553,3362634,0.0,0.0,-0.0104,3218.4071,3509.2241,2804.9574,0.0065
2026-01-01 00:00:00+05:30,3157.5983,3176.3574,3141.0982,3169.7769,1255735,0.0,0.0,0.0039,3204.7272,3509.2241,2804.9574,0.0064
2026-01-02 00:00:00+05:30,3176.2591,3196.1967,3162.018,3192.6609,1184324,0.0,0.0,0.0052,3196.4071,3509.2241,2804.9574,0.0072
2026-01-05 00:00:00+05:30,3182.643,3189.0269,3134.0268,3158.6787,2341703,0.0,0.0,-0.0075,3181.9695,3509.2241,2804.9574,0.0067
2026-01-06 00:00:00+05:30,3152.6876,3204.9377,3147.7769,3197.6699,2912325,0.0,0.0,0.0143,3178.5741,3509.2241,2804.9574,0.009
2026-01-07 00:00:00+05:30,3185.0,3241.67,3165.6518,3236.7593,1989442,0.0,0.0,0.0163,3184.7616,3509.2241,2804.9574,0.0101
2026-01-08 00:00:00+05:30,3228.2144,3228.2144,3125.1874,3146.6963,4159336,0.0,0.0,-0.0253,3178.7425,3509.2241,2804.9574,0.0148
2026-01-09 00:00:00+05:30,3134.0268,3172.0357,3134.0268,3150.5269,1938673,0.0,0.0,0.0053,3178.967,3509.2241,2804.9574,0.0142
2026-01-12 00:00:00+05:30,3145.8126,3193.9378,3117.6251,3181.7593,2228342,0.0,0.0,0.0114,3180.6787,3509.2241,2804.9574,0.0147
2026-01-13 00:00:00+05:30,3187.0627,3221.4378,3153.1787,3209.6521,5645341,0.0,0.0,0.0071,3183.1061,3509.2241,2804.9574,0.0147
2026-01-14 00:00:00+05:30,3201.7948,3201.7948,3126.1696,3135.5,3539511,0.0,0.0,-0.0207,3179.7948,3509.2241,2804.9574,0.017
2026-01-15 00:00:00+05:30,3135.5,3135.5,3135.5,3135.5,0,0.0,0.0,0.0,3170.9134,3509.2241,2804.9574,0.016
2026-01-16 00:00:00+05:30,3219.3999,3221.8999,3171.0,3206.7,4293470,57.0,0.0,-0.0039,3166.6192,3509.2241,2804.9574,0.0141
2026-01-19 00:00:00+05:30,3188.0,3220.0,3152.1001,3163.6001,3387562,0.0,0.0,-0.0077,3169.034,3509.2241,2804.9574,0.0108
2026-01-20 00:00:00+05:30,3151.6001,3160.0,3091.1001,3102.3,4499273,0.0,0.0,-0.0156,3162.1445,3509.2241,2804.9574,0.0116
2026-01-21 00:00:00+05:30,3100.0,3138.5,3082.0,3122.6001,2015150,0.0,0.0,0.0073,3153.6932,3509.2241,2804.9574,0.0107
2026-01-22 00:00:00+05:30,3150.0,3160.0,3122.3,3150.3999,2269827,0.0,0.0,0.0001,3145.2286,3509.2241,2804.9574,0.0097
2026-01-23 00:00:00+05:30,3190.3,3194.5,3152.0,3162.5,2068857,0.0,0.0,-0.0087,3149.0857,3509.2241,2804.9574,0.0074
2026-01-27 00:00:00+05:30,3175.0,3175.0,3130.0,3158.0,4279874,0.0,0.0,-0.0054,3152.3,3509.2241,2804.9574,0.0072
2026-01-28 00:00:00+05:30,3176.0,3205.2,3170.6001,3200.1001,2751234,0.0,0.0,0.0076,3151.3572,3509.2241,2804.9574,0.0086
2026-01-29 00:00:00+05:30,3200.1001,3200.1001,3125.6001,3144.3999,2457641,0.0,0.0,-0.0174,3148.6143,3509.2241,2804.9574,0.0101
2026-01-30 00:00:00+05:30,3141.0,3141.0,3092.0,3123.8999,3022068,0.0,0.0,-0.0054,3151.7,3509.2241,2804.9574,0.0089
2026-02-02 00:00:00+05:30,3198.0,3198.0,3134.0,3169.6001,2636272,0.0,0.0,-0.0089,3158.4143,3509.2241,2804.9574,0.0078
2026-02-03 00:00:00+05:30,3350.0,3350.0,3186.3,3225.3,4366060,0.0,0.0,-0.0372,3169.1143,3509.2241,2804.9574,0.0138
2026-02-04 00:00:00+05:30,3120.0,3120.0,2986.0,2999.1001,10852595,0.0,0.0,-0.0387,3145.7714,3509.2241,2804.9574,0.0173
2026-02-05 00:00:00+05:30,2990.0,3029.7,2972.3,2991.5,3521545,0.0,0.0,0.0005,3121.9857,3509.2241,2804.9574,0.018
2026-02-06 00:00:00+05:30,2976.6001,2985.0,2916.0,2941.6001,4687389,0.0,0.0,-0.0118,3085.0572,3509.2241,2804.9574,0.0154
2026-02-09 00:00:00+05:30,2959.1001,2977.0,2937.5,2948.2,2380318,0.0,0.0,-0.0037,3057.0286,3509.2241,2804.9574,0.0162
2026-02-10 00:00:00+05:30,2949.8,3011.6001,2943.5,2984.6001,3547763,0.0,0.0,0.0118,3037.1286,3509.2241,2804.9574,0.0189
2026-02-11 00:00:00+05:30,2980.0,2998.0,2904.2,2909.8,3363513,0.0,0.0,-0.0236,3000.0143,3509.2241,2804.9574,0.0193
2026-02-12 00:00:00+05:30,2869.8,2880.0,2740.0,2750.1001,10612156,0.0,0.0,-0.0417,2932.1286,3509.2241,2740.0,0.0202
2026-02-13 00:00:00+05:30,2585.0,2713.0,2585.0,2692.2,11168735,0.0,0.0,0.0415,2888.2857,3509.2241,2585.0,0.0265
2026-02-16 00:00:00+05:30,2700.0,2719.8,2671.0,2706.6001,2918730,0.0,0.0,0.0024,2847.5858,3509.2241,2585.0,0.0265
2026-02-17 00:00:00+05:30,2716.0,2760.0,2695.2,2717.3999,4209118,0.0,0.0,0.0005,2815.5572,3509.2241,2585.0,0.0263
2026-02-18 00:00:00+05:30,2730.0,2730.0,2657.3,2694.8999,2950820,0.0,0.0,-0.0129,2779.3714,3509.2241,2585.0,0.0266
2026-02-19 00:00:00+05:30,2708.0,2748.7,2666.6001,2677.8999,3238849,0.0,0.0,-0.0111,2735.5571,3509.2241,2585.0,0.0259
2026-02-20 00:00:00+05:30,2667.0,2702.6001,2647.5,2686.2,2293482,0.0,0.0,0.0072,2703.6143,3509.2241,2585.0,0.0251
2026-02-23 00:00:00+05:30,2686.0,2704.0,2660.2,2676.3,4699596,0.0,0.0,-0.0036,2693.0714,3509.2241,2585.0,0.0182
2026-02-24 00:00:00+05:30,2641.0,2647.5,2561.3,2573.7,7798833,0.0,0.0,-0.0255,2676.1428,3509.2241,2561.3,0.0112
2026-02-25 00:00:00+05:30,2596.0,2654.2,2595.0,2629.3,3621285,0.0,0.0,0.0128,2665.1,3509.2241,2561.3,0.013
2026-02-26 00:00:00+05:30,2650.0,2671.0,2635.0,2647.7,3464267,0.0,0.0,-0.0009,2655.1428,3509.2241,2561.3,0.0129
2026-02-27 00:00:00+05:30,2681.6001,2688.6001,2626.1001,2637.3999,5083717,0.0,0.0,-0.0165,2646.9285,3509.2241,2561.3,0.0134
2026-03-02 00:00:00+05:30,2592.0,2623.8,2580.3,2613.5,3374385,0.0,0.0,0.0083,2637.7286,3509.2241,2561.3,0.014
2026-03-04 00:00:00+05:30,2625.0,2635.0,2580.3999,2587.8,3446434,0.0,0.0,-0.0142,2623.6714,3509.2241,2561.3,0.0138
2026-03-05 00:00:00+05:30,2600.0,2609.5,2546.3999,2578.8,2960636,0.0,0.0,-0.0082,2609.7429,3509.2241,2546.3999,0.0138
2026-03-06 00:00:00+05:30,2572.0,2619.2,2553.6001,2557.6001,3998643,0.0,0.0,-0.0056,2607.4429,3509.2241,2546.3999,0.011
2026-03-09 00:00:00+05:30,2530.0,2560.0,2505.0,2527.3999,3653428,0.0,0.0,-0.001,2592.8857,3509.2241,2505.0,0.0085
2026-03-10 00:00:00+05:30,2541.0,2545.2,2490.1001,2513.1001,4323710,0.0,0.0,-0.011,2573.6572,3509.2241,2490.1001,0.0085
2026-03-11 00:00:00+05:30,2508.1001,2521.0,2460.1001,2464.8999,2720664,0.0,0.0,-0.0172,2549.0143,3509.2241,2460.1001,0.0086
2026-03-12 00:00:00+05:30,2459.8,2472.8999,2436.0,2442.3999,2752075,0.0,0.0,-0.0071,2524.5714,3509.2241,2436.0,0.0054
2026-03-13 00:00:00+05:30,2437.0,2445.8999,2397.0,2410.5,2466488,0.0,0.0,-0.0109,2499.2429,3509.2241,2397.0,0.0051
2026-03-16 00:00:00+05:30,2410.0,2425.0,2366.1001,2409.2,3807907,0.0,0.0,-0.0003,2475.0143,3509.2241,2366.1001,0.006
2026-03-17 00:00:00+05:30,2420.0,2420.0,2360.0,2391.7,2993367,0.0,0.0,-0.0117,2451.3142,3509.2241,2360.0,0.0061
2026-03-18 00:00:00+05:30,2410.0,2482.8999,2410.0,2440.8,3082388,0.0,0.0,0.0128,2438.9428,3509.2241,2360.0,0.0099
2026-03-19 00:00:00+05:30,2417.0,2424.0,2350.2,2356.0,2757060,0.0,0.0,-0.0252,2416.5,3509.2241,2350.2,0.0122
2026-03-20 00:00:00+05:30,2386.0,2407.8,2364.2,2390.6001,4206320,0.0,0.0,0.0019,2405.8857,3509.2241,2350.2,0.0121
2026-03-23 00:00:00+05:30,2365.0,2406.8,2348.0,2383.8,3860515,0.0,0.0,0.0079,2397.5143,3509.2241,2348.0,0.0131
2026-03-24 00:00:00+05:30,2404.1001,2435.3999,2379.1001,2398.8,3420182,0.0,0.0,-0.0022,2395.8429,3509.2241,2348.0,0.0127
2026-03-25 00:00:00+05:30,2400.8999,2421.6001,2369.8,2377.3999,5843778,0.0,0.0,-0.0098,2391.3,3509.2241,2348.0,0.0129
2026-03-27 00:00:00+05:30,2403.8999,2422.1001,2385.0,2389.8,4979411,0.0,0.0,-0.0059,2391.0286,3509.2241,2348.0,0.0125
2026-03-30 00:00:00+05:30,2375.1001,2398.0,2346.2,2358.8999,6804756,0.0,0.0,-0.0068,2379.3286,3509.2241,2346.2,0.0105
2026-04-01 00:00:00+05:30,2429.0,2472.0,2400.0,2402.1001,3484546,0.0,0.0,-0.0111,2385.9143,3509.2241,2346.2,0.0068
